"SNUM","DOMSOI","ID","bio1","bio2","bio3","bio4","bio5","bio6","bio7","bio8","bio9","bio10","bio11","bio12","bio13","bio14","bio15","bio16","bio17","bio18","bio19","Long","Lat","GroupCat","species","TEST_LOCALE"
4803,"Kk",1,220,137,43,6433,374,58,316,267,151,299,133,540,88,23,45,204,75,148,76,-99.542451,28.026221,"collis","collis","Y"
4792,"Kh",2,168,160,44,7424,345,-16,361,250,90,262,71,328,64,7,66,160,29,137,34,-104.3469,32.3305166667,"collis","collis",NA
4792,"Kh",3,168,160,44,7424,345,-16,361,250,90,262,71,328,64,7,66,160,29,137,34,-104.34755,32.2917833333,"collis","collis",NA
5078,"Yk",4,169,157,44,7300,343,-11,354,250,91,261,74,325,65,7,67,159,28,137,33,-104.36205,32.1857333333,"collis","collis",NA
4792,"Kh",5,162,146,43,6909,328,-8,336,238,86,249,71,329,66,8,69,163,29,141,32,-104.4432718,32.1763018,"collis","collis",NA
4792,"Kh",6,160,150,44,6941,328,-12,340,237,119,249,70,284,57,6,72,142,22,127,27,-104.565537,32.108724,"collis","collis",NA
4792,"Kh",7,160,150,44,6941,328,-12,340,237,119,249,70,284,57,6,72,142,22,127,27,-104.566224,32.107565,"collis","collis",NA
4892,"Lk",8,171,167,44,7490,349,-23,372,254,73,266,73,320,59,8,63,149,29,133,29,-103.4344444,32.1075,"collis","collis",NA
5078,"Yk",9,160,150,44,6941,328,-12,340,237,119,249,70,284,57,6,72,142,22,127,27,-104.56432,32.10674,"collis","collis",NA
4892,"Lk",10,172,167,44,7491,349,-23,372,254,73,266,73,321,59,8,63,149,29,132,29,-103.4144444,32.0988889,"collis","collis",NA
5078,"Yk",11,183,176,45,7800,364,-23,387,236,100,279,78,307,57,9,55,128,32,102,35,-102.9000015,31.2460003,"collis","collis",NA
5078,"Yk",12,183,151,42,7375,348,-5,353,235,104,274,85,378,69,12,55,159,40,121,43,-102.137001,31.1949997,"collis","collis",NA
5078,"Yk",13,185,171,45,7613,362,-15,377,237,104,280,83,316,59,9,54,133,33,104,37,-102.8079987,31.0939999,"collis","collis",NA
5076,"Yk",14,151,158,47,6515,315,-21,336,221,111,232,65,334,61,8,75,178,24,164,31,-104.375,30.9430008,"collis","collis",NA
4992,"Rc",15,170,177,49,6774,343,-13,356,244,98,256,82,340,61,9,61,161,33,140,38,-103.8259964,30.8519993,"collis","collis",NA
4992,"Rc",16,161,169,49,6522,328,-14,342,233,91,244,76,368,65,9,65,180,33,161,38,-103.7470016,30.8290005,"collis","collis",NA
4992,"Rc",17,156,164,49,6314,318,-15,333,224,87,235,73,382,67,9,70,195,31,178,35,-103.7890015,30.6870003,"collis","collis",NA
4992,"Rc",18,141,144,46,5984,294,-15,309,205,73,215,62,424,80,10,75,228,32,212,36,-104.004233,30.671389,"collis","collis",NA
5076,"Yk",19,154,165,49,6271,317,-18,335,222,85,232,72,370,66,9,73,194,29,179,32,-103.9069977,30.6200008,"collis","collis",NA
5076,"Yk",20,152,162,48,6243,313,-18,331,219,83,229,69,366,66,8,74,194,28,179,32,-103.9290009,30.6149998,"collis","collis",NA
5076,"Yk",21,154,165,49,6271,317,-18,335,222,85,232,72,370,66,9,73,194,29,179,32,-103.894,30.60252,"collis","collis",NA
5076,"Yk",22,154,165,49,6271,317,-18,335,222,85,232,72,370,66,9,73,194,29,179,32,-103.913002,30.6000004,"collis","collis",NA
5076,"Yk",23,154,165,49,6271,317,-18,335,222,85,232,72,370,66,9,73,194,29,179,32,-103.8820038,30.6000004,"collis","collis",NA
5076,"Yk",24,154,165,49,6271,317,-18,335,222,85,232,72,370,66,9,73,194,29,179,32,-103.8820038,30.6000004,"collis","collis",NA
5076,"Yk",25,154,165,49,6271,317,-18,335,222,85,232,72,370,66,9,73,194,29,179,32,-103.90586,30.59827,"collis","collis",NA
5076,"Yk",26,151,161,48,6227,312,-18,330,218,82,228,69,362,66,8,74,193,28,179,32,-103.9639969,30.5979996,"collis","collis",NA
4992,"Rc",27,167,174,47,6932,342,-21,363,241,128,253,75,319,61,7,77,175,23,156,32,-104.6476063,30.5873652,"collis","collis",NA
4992,"Rc",28,177,181,48,7180,358,-17,375,254,138,266,82,302,60,6,78,169,21,147,28,-104.7630005,30.5779991,"collis","collis",NA
4992,"Rc",29,177,181,48,7180,358,-17,375,254,138,266,82,302,60,6,78,169,21,147,28,-104.7630005,30.5779991,"collis","collis",NA
4992,"Rc",30,158,166,47,6673,327,-22,349,229,119,240,69,326,65,7,80,185,22,167,29,-104.6514969,30.5315952,"collis","collis",NA
4992,"Rc",31,153,162,49,6047,311,-15,326,218,86,228,73,382,68,8,73,199,29,186,34,-103.7279746,30.3149406,"collis","collis",NA
4992,"Rc",32,155,162,49,6033,311,-14,325,219,88,229,75,401,69,8,71,207,31,192,36,-103.5950012,30.2290001,"collis","collis",NA
4992,"Rc",33,157,163,47,6515,322,-20,342,226,119,237,70,332,69,6,86,196,22,177,26,-104.5903585,30.2201095,"collis","collis",NA
4992,"Rc",34,167,173,50,6422,328,-15,343,237,98,245,81,397,73,8,65,190,31,168,37,-103.24427,30.13366,"collis","collis",NA
4992,"Rc",35,158,164,48,6445,322,-19,341,227,86,237,72,331,68,6,85,194,22,177,25,-104.5141144,30.1303806,"collis","collis",NA
4992,"Rc",36,158,164,48,6445,322,-19,341,227,86,237,72,331,68,6,85,194,22,177,25,-104.5141144,30.1303806,"collis","collis",NA
4992,"Rc",37,165,168,50,6268,325,-11,336,232,97,242,82,394,70,8,70,198,31,180,36,-103.482,30.077,"collis","collis",NA
4994,"Rc",38,192,156,44,7108,348,0,348,240,115,277,95,331,60,8,58,143,30,116,33,-102.445,30.0302778,"collis","collis",NA
4992,"Rc",39,154,155,49,5930,305,-11,316,217,88,226,74,427,75,8,72,222,32,203,38,-103.535607,30.030036,"collis","collis",NA
4992,"Rc",40,163,164,49,6173,321,-10,331,229,95,239,81,387,68,7,72,201,29,185,35,-103.66056,29.9824554,"collis","collis",NA
4772,"Kh",41,198,143,42,7031,354,14,340,249,111,283,102,472,80,13,49,184,50,142,54,-100.964996,29.955,"collis","collis",NA
4772,"Kh",42,198,143,42,7031,354,14,340,249,111,283,102,472,80,13,49,184,50,142,54,-100.966621,29.953497,"collis","collis",NA
4772,"Kh",43,196,142,42,6951,350,13,337,246,110,279,101,484,79,14,48,186,52,148,56,-100.934998,29.943333,"collis","collis",NA
4772,"Kh",44,196,142,42,6951,350,13,337,246,110,279,101,484,79,14,48,186,52,148,56,-100.934998,29.943333,"collis","collis",NA
4772,"Kh",45,198,143,42,7031,354,14,340,249,111,283,102,472,80,13,49,184,50,142,54,-100.974999,29.931667,"collis","collis",NA
4772,"Kh",46,196,142,42,6951,350,13,337,246,110,279,101,484,79,14,48,186,52,148,56,-100.940002,29.926666,"collis","collis",NA
4772,"Kh",47,198,143,42,7031,354,14,340,249,111,283,102,472,80,13,49,184,50,142,54,-100.988335,29.926666,"collis","collis",NA
4992,"Rc",48,173,171,49,6479,338,-8,346,242,103,253,87,358,63,7,72,183,27,168,32,-103.716349,29.926162,"collis","collis",NA
4772,"Kh",49,197,143,42,7017,352,13,339,247,110,281,101,467,80,13,50,185,49,142,53,-101.0080032,29.9239998,"collis","collis",NA
4992,"Rc",50,171,169,49,6395,333,-8,341,239,101,249,85,370,65,7,72,189,28,174,33,-103.6633,29.91985,"collis","collis",NA
4772,"Kh",51,199,142,41,7033,355,16,339,250,113,284,103,466,80,13,50,182,49,139,53,-100.975529,29.914537,"collis","collis",NA
4992,"Rc",52,177,171,49,6542,341,-6,347,246,106,256,89,358,63,7,71,181,27,165,32,-103.646969,29.903469,"collis","collis",NA
4992,"Rc",53,177,171,49,6542,341,-6,347,246,106,256,89,358,63,7,71,181,27,165,32,-103.646969,29.903469,"collis","collis",NA
4772,"Kh",54,199,142,41,7033,355,16,339,250,113,284,103,466,80,13,50,182,49,139,53,-100.985001,29.896668,"collis","collis",NA
4772,"Kh",55,200,142,41,7035,355,16,339,250,113,284,104,458,80,12,50,182,47,137,52,-101.000012,29.895657,"collis","collis",NA
4772,"Kh",56,200,142,41,7035,355,16,339,250,113,284,104,458,80,12,50,182,47,137,52,-101.000012,29.895657,"collis","collis",NA
4772,"Kh",57,200,142,41,7035,355,16,339,250,113,284,104,458,80,12,50,182,47,137,52,-101.000012,29.895657,"collis","collis",NA
4992,"Rc",58,172,168,48,6580,339,-9,348,242,99,252,84,326,64,5,82,188,21,169,25,-104.34035,29.869463,"collis","collis",NA
4992,"Rc",59,197,182,48,7147,375,0,375,273,120,284,102,312,68,5,83,182,20,152,23,-104.548972,29.8477701,"collis","collis",NA
4992,"Rc",60,182,172,48,6678,349,-3,352,254,110,264,93,341,60,7,70,173,27,158,31,-103.742804,29.831424,"collis","collis",NA
4994,"Rc",61,209,153,44,7172,364,17,347,259,132,294,111,311,56,8,58,136,32,107,33,-102.114,29.82623,"collis","collis",NA
4994,"Rc",62,200,140,42,6975,352,19,333,251,114,284,105,426,78,11,53,176,43,129,49,-101.18336,29.813049,"collis","collis",NA
4994,"Rc",63,208,145,42,7209,362,20,342,260,118,294,110,375,66,10,52,163,41,119,45,-101.554147,29.811959,"collis","collis",NA
4994,"Rc",64,208,145,42,7209,362,20,342,260,118,294,110,375,66,10,52,163,41,119,45,-101.5587273,29.8100649,"collis","collis",NA
4994,"Rc",65,208,145,42,7209,362,20,342,260,118,294,110,375,66,10,52,163,41,119,45,-101.550786,29.809877,"collis","collis",NA
4992,"Rc",66,205,162,46,7079,362,11,351,253,129,289,108,297,50,7,59,127,28,114,30,-102.6901,29.7246,"collis","collis",NA
4992,"Rc",67,195,156,46,6714,347,11,336,267,123,275,104,318,54,7,60,135,28,125,31,-102.6557836,29.6938779,"collis","collis",NA
4803,"Kk",68,206,136,41,6957,359,28,331,257,120,290,112,432,84,11,56,172,40,116,48,-100.965528,29.663646,"collis","collis",NA
4992,"Rc",69,190,169,47,6818,356,2,354,261,116,272,98,331,57,7,70,167,25,153,29,-103.6610565,29.6616344,"collis","collis",NA
4992,"Rc",70,190,169,47,6818,356,2,354,261,116,272,98,331,57,7,70,167,25,153,29,-103.6610565,29.6616344,"collis","collis",NA
4992,"Rc",71,200,164,46,6944,360,9,351,274,126,283,106,308,50,7,61,134,27,126,30,-102.9364013,29.6615044,"collis","collis",NA
4992,"Rc",72,200,167,46,7008,363,7,356,274,125,284,105,308,50,7,63,139,27,130,30,-103.0960007,29.6380005,"collis","collis",NA
4992,"Rc",73,202,166,46,7028,364,8,356,276,127,286,106,304,49,7,60,134,27,126,30,-103.0090027,29.6310005,"collis","collis",NA
4992,"Rc",74,196,167,47,6940,359,5,354,270,122,280,102,320,52,8,63,147,28,137,31,-103.1679993,29.6259995,"collis","collis",NA
4992,"Rc",75,198,167,47,6964,361,6,355,272,124,282,104,313,50,8,62,144,27,135,29,-103.197998,29.6210003,"collis","collis",NA
4992,"Rc",76,194,159,46,6699,350,10,340,265,122,274,103,328,53,7,61,146,28,138,32,-102.994087,29.580875,"collis","collis",NA
4992,"Rc",77,203,162,46,6948,362,13,349,277,129,286,109,298,47,7,60,128,27,122,30,-102.9053653,29.57444,"collis","collis",NA
4992,"Rc",78,203,162,46,6948,362,13,349,277,129,286,109,298,47,7,60,128,27,122,30,-102.9053653,29.57444,"collis","collis",NA
4992,"Rc",79,203,162,46,6948,362,13,349,277,129,286,109,298,47,7,60,128,27,122,30,-102.897939,29.56353,"collis","collis",NA
4992,"Rc",80,201,162,46,6879,359,12,347,273,127,283,107,305,49,7,61,133,27,126,30,-102.93861,29.5455266,"collis","collis",NA
4992,"Rc",81,190,154,46,6507,342,11,331,259,120,268,102,341,56,7,62,154,30,145,34,-102.9262322,29.5371868,"collis","collis",NA
4803,"Kk",82,210,134,41,6883,360,34,326,260,124,292,116,389,96,8,71,172,29,94,41,-101.08436,29.529578,"collis","collis",NA
4992,"Rc",83,176,149,46,6208,326,7,319,241,108,251,92,399,68,8,67,195,32,179,37,-103.243,29.526,"collis","collis",NA
4992,"Rc",84,183,151,46,6313,332,10,322,249,114,258,97,367,62,8,64,169,32,157,36,-102.987824,29.516904,"collis","collis",NA
4992,"Rc",85,190,154,46,6507,342,11,331,259,120,268,102,341,56,7,62,154,30,145,34,-102.93861,29.5021564,"collis","collis",NA
4992,"Rc",86,176,145,46,6049,321,10,311,239,110,248,93,398,69,8,65,189,34,173,39,-102.971206,29.487838,"collis","collis",NA
4992,"Rc",87,181,148,46,6225,329,10,319,246,113,255,96,379,64,8,65,178,32,165,36,-103.005374,29.478518,"collis","collis",NA
4992,"Rc",88,182,147,46,6204,329,11,318,247,114,256,97,376,64,8,64,175,32,162,36,-102.949983,29.462257,"collis","collis",NA
4992,"Rc",89,203,169,46,7067,371,8,363,277,127,287,107,298,57,7,74,156,23,144,24,-103.6023668,29.40556,"collis","collis",NA
4992,"Rc",90,189,152,45,6518,343,12,331,256,118,266,99,347,57,8,65,163,30,154,34,-103.2446518,29.3631592,"collis","collis",NA
4992,"Rc",91,189,152,45,6518,343,12,331,256,118,266,99,347,57,8,65,163,30,154,34,-103.2446518,29.3631592,"collis","collis",NA
4992,"Rc",92,189,152,45,6518,343,12,331,256,118,266,99,347,57,8,65,163,30,154,34,-103.2442,29.36296,"collis","collis",NA
4992,"Rc",93,205,170,46,7096,374,9,365,279,129,289,108,293,57,7,72,153,23,143,24,-103.58317,29.349267,"collis","collis",NA
4992,"Rc",94,193,155,46,6613,348,12,336,261,121,271,102,332,54,8,64,154,29,148,32,-103.2068,29.3388,"collis","collis",NA
4992,"Rc",95,204,169,46,7081,373,10,363,278,128,289,108,292,58,7,74,156,23,144,23,-103.595837,29.3167,"collis","collis",NA
4992,"Rc",96,202,159,46,6784,360,15,345,272,129,282,109,299,48,8,63,136,27,133,29,-103.1220016,29.3040009,"collis","collis",NA
4992,"Rc",97,189,151,46,6460,342,14,328,256,118,266,100,346,57,8,64,161,30,153,34,-103.1695546,29.2976627,"collis","collis",NA
4992,"Rc",98,165,134,46,5646,303,12,291,222,102,232,88,456,84,9,70,237,37,212,42,-103.2180023,29.2740002,"collis","collis",NA
4992,"Rc",99,165,134,46,5646,303,12,291,222,102,232,88,456,84,9,70,237,37,212,42,-103.2180023,29.2740002,"collis","collis",NA
4992,"Rc",100,159,132,45,5544,296,9,287,215,96,225,83,476,90,9,73,253,38,225,44,-103.301,29.266,"collis","collis",NA
4992,"Rc",101,159,132,45,5544,296,9,287,215,96,225,83,476,90,9,73,253,38,225,44,-103.301,29.266,"collis","collis",NA
4992,"Rc",102,208,171,46,7142,379,12,367,282,131,293,111,274,55,6,78,150,20,134,21,-103.7927551,29.2613888,"collis","collis",NA
4992,"Rc",103,207,170,46,7107,377,13,364,281,130,292,111,278,55,6,75,152,20,135,21,-103.8593216,29.261364,"collis","collis",NA
4992,"Rc",104,182,148,46,6265,333,12,321,246,113,257,96,372,67,9,67,187,31,172,34,-103.3349991,29.2600002,"collis","collis",NA
4992,"Rc",105,203,159,46,6802,361,16,345,274,130,284,110,291,47,8,61,132,27,130,29,-103.1227003,29.2567729,"collis","collis",NA
4992,"Rc",106,165,134,46,5646,303,12,291,222,102,232,88,456,84,9,70,237,37,212,42,-103.216,29.255,"collis","collis",NA
4992,"Rc",107,165,134,46,5646,303,12,291,222,102,232,88,456,84,9,70,237,37,212,42,-103.25,29.25,"collis","collis",NA
4992,"Rc",108,174,140,45,5966,319,13,306,235,108,245,92,408,75,9,69,210,34,190,38,-103.3339996,29.2450008,"collis","collis",NA
4992,"Rc",109,174,140,45,5966,319,13,306,235,108,245,92,408,75,9,69,210,34,190,38,-103.3339996,29.2450008,"collis","collis",NA
4992,"Rc",110,174,140,45,5966,319,13,306,235,108,245,92,408,75,9,69,210,34,190,38,-103.3339996,29.2450008,"collis","collis",NA
4992,"Rc",111,174,140,45,5966,319,13,306,235,108,245,92,408,75,9,69,210,34,190,38,-103.3339996,29.2450008,"collis","collis",NA
4992,"Rc",112,174,140,45,5966,319,13,306,235,108,245,92,408,75,9,69,210,34,190,38,-103.3339996,29.2450008,"collis","collis",NA
4992,"Rc",113,174,140,45,5966,319,13,306,235,108,245,92,408,75,9,69,210,34,190,38,-103.3339996,29.2450008,"collis","collis",NA
4992,"Rc",114,174,140,45,5966,319,13,306,235,108,245,92,408,75,9,69,210,34,190,38,-103.3339996,29.2450008,"collis","collis",NA
4992,"Rc",115,174,140,45,5966,319,13,306,235,108,245,92,408,75,9,69,210,34,190,38,-103.3339996,29.2450008,"collis","collis",NA
4992,"Rc",116,174,140,45,5966,319,13,306,235,108,245,92,408,75,9,69,210,34,190,38,-103.3339996,29.2450008,"collis","collis",NA
4992,"Rc",117,174,140,45,5966,319,13,306,235,108,245,92,408,75,9,69,210,34,190,38,-103.3339996,29.2450008,"collis","collis",NA
4992,"Rc",118,174,140,45,5966,319,13,306,235,108,245,92,408,75,9,69,210,34,190,38,-103.3339996,29.2450008,"collis","collis",NA
4992,"Rc",119,174,140,45,5966,319,13,306,235,108,245,92,408,75,9,69,210,34,190,38,-103.3339996,29.2450008,"collis","collis",NA
4992,"Rc",120,174,140,45,5966,319,13,306,235,108,245,92,408,75,9,69,210,34,190,38,-103.3339996,29.2450008,"collis","collis",NA
4992,"Rc",121,174,140,45,5966,319,13,306,235,108,245,92,408,75,9,69,210,34,190,38,-103.3339996,29.2450008,"collis","collis",NA
4992,"Rc",122,174,140,45,5966,319,13,306,235,108,245,92,408,75,9,69,210,34,190,38,-103.3339996,29.2450008,"collis","collis",NA
4992,"Rc",123,174,140,45,5966,319,13,306,235,108,245,92,408,75,9,69,210,34,190,38,-103.3339996,29.2450008,"collis","collis",NA
4992,"Rc",124,174,140,45,5966,319,13,306,235,108,245,92,408,75,9,69,210,34,190,38,-103.3339996,29.2450008,"collis","collis",NA
4992,"Rc",125,174,140,45,5966,319,13,306,235,108,245,92,408,75,9,69,210,34,190,38,-103.3339996,29.2450008,"collis","collis",NA
4992,"Rc",126,174,140,45,5966,319,13,306,235,108,245,92,408,75,9,69,210,34,190,38,-103.3339996,29.2450008,"collis","collis",NA
4992,"Rc",127,174,140,45,5966,319,13,306,235,108,245,92,408,75,9,69,210,34,190,38,-103.3339996,29.2450008,"collis","collis",NA
4992,"Rc",128,184,146,45,6250,333,15,318,248,116,259,99,364,62,8,64,174,32,163,37,-103.223999,29.2280006,"collis","collis",NA
4992,"Rc",129,174,140,45,5966,319,13,306,235,108,245,92,408,75,9,69,210,34,190,38,-103.3710022,29.2099991,"collis","collis",NA
4992,"Rc",130,203,158,46,6749,360,17,343,272,130,282,110,287,48,8,64,132,26,131,28,-103.153,29.204,"collis","collis",NA
4992,"Rc",131,203,158,46,6749,360,17,343,272,130,282,110,287,48,8,64,132,26,131,28,-103.155266,29.174647,"collis","collis",NA
4992,"Rc",132,203,158,46,6749,360,17,343,272,130,282,110,287,48,8,64,132,26,131,28,-103.155266,29.174647,"collis","collis",NA
4992,"Rc",133,203,158,46,6749,360,17,343,272,130,282,110,287,48,8,64,132,26,131,28,-103.155266,29.174647,"collis","collis",NA
4992,"Rc",134,203,158,46,6749,360,17,343,272,130,282,110,287,48,8,64,132,26,131,28,-103.153,29.173,"collis","collis",NA
4992,"Rc",135,200,161,46,6836,363,13,350,270,125,281,106,304,62,7,75,166,24,151,24,-103.612,29.165,"collis","collis",NA
4992,"Rc",136,188,149,45,6332,340,15,325,252,118,263,101,340,62,8,68,171,28,158,32,-103.37,29.144,"collis","collis",NA
4992,"Rc",137,197,155,45,6615,354,16,338,265,126,275,107,301,56,9,66,149,27,143,28,-103.3010025,29.1049995,"collis","collis",NA
4992,"Rc",138,215,170,46,7203,383,14,369,289,124,299,116,255,55,6,76,137,19,134,20,-103.4503,29.0689,"collis","collis",NA
4992,"Rc",139,215,170,46,7203,383,14,369,289,124,299,116,255,55,6,76,137,19,134,20,-103.4503,29.0689,"collis","collis",NA
4992,"Rc",140,215,170,46,7203,383,14,369,289,124,299,116,255,55,6,76,137,19,134,20,-103.4503,29.0689,"collis","collis",NA
4992,"Rc",141,215,170,46,7203,383,14,369,289,124,299,116,255,55,6,76,137,19,134,20,-103.4503,29.0689,"collis","collis",NA
4992,"Rc",142,202,154,45,6572,356,21,335,279,131,279,111,273,47,8,62,125,26,125,28,-103.147,29.016,"collis","collis",NA
4790,"Kh",143,212,157,46,6724,367,26,341,291,140,291,120,257,39,6,59,112,24,112,27,-102.9032,29.08604,"mapimienss","collis","Y"
4790,"Kh",144,208,154,46,6538,360,27,333,285,138,285,118,265,41,6,58,116,26,116,29,-102.85356,29.04248,"mapimienss","collis","Y"
4790,"Kh",145,214,143,47,5876,352,54,298,276,152,282,133,531,114,12,71,247,41,212,42,-101.81649,28.1507,"mapimienss","collis","Y"
4832,"Kl",146,226,143,43,6768,383,52,331,274,154,308,135,400,81,14,58,155,47,97,48,-100.705182,27.619882,"mapimienss","collis","Y"
4790,"Kh",147,226,152,45,6602,382,50,332,271,156,306,137,403,75,9,57,166,41,136,46,-101.22702,27.33692,"mapimienss","collis","Y"
4790,"Kh",148,220,149,45,6390,373,49,324,264,152,297,134,409,80,9,58,173,41,139,46,-101.0808,27.22073,"mapimienss","collis","Y"
4759,"I",149,211,156,49,5889,356,43,313,249,148,281,132,307,60,7,58,136,32,108,37,-101.7080818,27.02917,"mapimienss","collis",NA
4759,"I",150,212,156,49,5890,357,43,314,250,149,282,132,306,59,7,58,135,32,108,37,-101.69467,26.99933,"mapimienss","collis",NA
4992,"Rc",151,210,176,47,7328,385,11,374,288,129,298,111,294,81,4,96,182,17,130,17,-104.634,29.5302778,"mapimienss","collis",NA
5006,"Re",152,200,166,45,7095,368,7,361,275,120,285,105,310,69,2,97,199,11,166,16,-104.88139,29.37569,"mapimienss","collis",NA
4992,"Rc",153,186,160,47,6492,347,8,339,253,114,264,98,314,64,6,84,186,21,166,24,-104.17086,29.224541,"mapimienss","collis",NA
4992,"Rc",154,189,157,46,6487,349,12,337,256,117,267,101,328,66,7,82,191,22,164,24,-103.948,29.151,"mapimienss","collis",NA
4992,"Rc",155,195,159,46,6651,358,14,344,263,122,275,105,323,67,6,85,189,20,159,22,-103.907219,29.106648,"mapimienss","collis",NA
4992,"Rc",156,187,156,46,6414,346,12,334,253,116,264,100,333,68,7,84,196,22,167,24,-103.917735,29.099179,"mapimienss","collis",NA
4992,"Rc",157,171,152,47,5961,322,3,319,231,138,241,89,365,79,6,89,227,24,195,29,-104.1551089,28.9197705,"mapimienss","collis",NA
5007,"Re",158,172,152,47,5975,324,5,319,232,139,243,90,356,77,6,91,223,24,190,29,-104.166,28.858,"mapimienss","collis",NA
5007,"Re",159,172,152,47,5975,324,5,319,232,139,243,90,356,77,6,91,223,24,190,29,-104.166,28.858,"mapimienss","collis",NA
5069,"Yh",160,194,165,47,6505,358,12,346,261,125,274,108,318,79,2,102,217,14,162,20,-105.415175,28.421474,"mapimienss","collis",NA
5051,"Xk",161,188,167,48,6173,350,8,342,249,122,262,105,339,84,4,100,226,19,199,23,-105.2,27.89,"mapimienss","collis",NA
5051,"Xk",162,188,167,48,6173,350,8,342,249,122,262,105,339,84,4,100,226,19,199,23,-105.167,27.882916,"mapimienss","collis",NA
3511,"I",163,181,153,49,5727,331,20,311,237,154,249,102,321,69,5,85,191,21,165,31,-103.95556,27.7864923,"mapimienss","collis",NA
3511,"I",164,181,154,49,5740,332,18,314,237,153,249,102,324,70,5,84,194,21,168,31,-103.975,27.768,"mapimienss","collis",NA
5051,"Xk",165,186,168,49,6075,347,6,341,245,155,259,104,352,81,4,97,229,18,202,25,-105.0851912,27.7160429,"mapimienss","collis",NA
3511,"I",166,173,150,49,5478,319,17,302,227,148,238,98,344,72,6,84,203,23,175,33,-103.8973541,27.684632,"mapimienss","collis",NA
5044,"Xh",167,181,167,51,5559,337,10,327,234,153,247,107,365,85,4,104,251,15,208,24,-105.4,27.45694,"mapimienss","collis",NA
5079,"Yk",168,194,144,50,5396,328,40,288,248,137,256,119,301,57,5,64,144,24,124,31,-102.4117715,27.3429929,"mapimienss","collis",NA
5079,"Yk",169,195,144,49,5368,330,40,290,248,138,257,120,292,55,5,64,139,23,120,30,-102.395569,27.291635,"mapimienss","collis",NA
5079,"Yk",170,195,144,49,5368,330,40,290,248,138,257,120,292,55,5,64,139,23,120,30,-102.405374,27.291634,"mapimienss","collis",NA
5079,"Yk",171,195,144,49,5368,330,40,290,248,138,257,120,292,55,5,64,139,23,120,30,-102.405374,27.291634,"mapimienss","collis",NA
5079,"Yk",172,190,143,50,5287,324,38,286,243,134,251,117,301,57,5,65,147,24,126,31,-102.436426,27.291624,"mapimienss","collis",NA
5079,"Yk",173,190,143,50,5287,324,38,286,243,134,251,117,301,57,5,65,147,24,126,31,-102.442963,27.291622,"mapimienss","collis",NA
5079,"Yk",174,190,143,50,5287,324,38,286,243,134,251,117,301,57,5,65,147,24,126,31,-102.456037,27.291615,"mapimienss","collis",NA
5079,"Yk",175,181,140,50,5081,311,34,277,230,126,238,109,325,63,6,67,164,27,138,33,-102.519774,27.291566,"mapimienss","collis",NA
5079,"Yk",176,181,140,50,5081,311,34,277,230,126,238,109,325,63,6,67,164,27,138,33,-102.519774,27.291566,"mapimienss","collis",NA
4760,"I",177,178,139,50,5017,308,33,275,226,124,235,107,330,64,5,70,170,27,143,34,-102.627636,27.291417,"mapimienss","collis",NA
4760,"I",178,178,139,50,5017,308,33,275,226,124,235,107,330,64,5,70,170,27,143,34,-102.627636,27.291417,"mapimienss","collis",NA
5051,"Xk",179,172,137,49,5005,305,30,275,218,153,228,100,417,92,6,84,243,25,205,41,-103.6568303,27.288335,"mapimienss","collis",NA
5079,"Yk",180,198,146,50,5477,334,42,292,253,140,261,122,283,53,5,62,128,23,111,30,-102.36849,27.28821,"mapimienss","collis",NA
4760,"I",181,175,140,50,4960,305,30,275,223,122,232,106,336,65,6,68,172,28,145,35,-102.4304568,27.1022418,"mapimienss","collis",NA
5054,"Xl",182,186,185,53,5687,349,4,345,241,156,253,108,348,81,3,99,231,13,202,21,-104.91635,27.08138,"mapimienss","collis",NA
5054,"Xl",183,181,179,53,5460,340,7,333,234,153,246,107,381,95,3,107,265,12,224,21,-105.134,27.078,"mapimienss","collis",NA
4760,"I",184,165,139,51,4721,292,24,268,210,113,218,99,369,72,7,70,190,31,159,37,-102.343148,27.0585874,"mapimienss","collis",NA
4759,"I",185,204,152,50,5662,343,41,302,262,143,271,127,290,56,6,58,129,27,104,33,-101.8583333,27.0416667,"mapimienss","collis",NA
4759,"I",186,208,152,50,5729,347,43,304,266,146,275,129,239,44,5,56,105,23,85,30,-102.0975383,27.0166983,"mapimienss","collis",NA
4759,"I",187,210,153,49,5798,350,43,307,269,148,278,131,230,42,4,53,101,22,81,30,-102.102663,26.991597,"mapimienss","collis",NA
4759,"I",188,197,148,50,5478,334,39,295,252,139,261,122,267,50,5,59,125,24,103,31,-102.1277862,26.98583,"mapimienss","collis",NA
5051,"Xk",189,213,153,50,5694,354,48,306,270,153,279,135,205,38,3,59,97,18,80,26,-102.29585,26.59615,"mapimienss","collis",NA
5051,"Xk",190,215,157,51,5536,358,52,306,270,158,279,140,195,38,3,68,100,16,84,23,-102.7461319,26.3070087,"mapimienss","collis",NA
3511,"I",191,196,168,55,4919,341,37,304,243,175,252,128,266,58,5,80,151,18,127,26,-103.523,26.234,"mapimienss","collis",NA
4840,"Kl",192,173,172,55,4740,324,15,309,215,148,228,109,501,123,3,111,357,14,183,26,-105.591731,26.941674,"durangae","durangae",NA
4840,"Kl",193,173,172,55,4740,324,15,309,215,148,228,109,501,123,3,111,357,14,183,26,-105.598,26.941,"durangae","durangae",NA
4840,"Kl",194,175,170,55,4763,326,17,309,217,150,230,110,494,119,3,110,354,16,182,27,-105.637594,26.917133,"durangae","durangae",NA
4750,"I",195,149,183,58,4442,300,-13,313,193,124,202,90,559,150,6,110,395,21,341,37,-106.066667,26.75,"durangae","durangae",NA
5051,"Xk",196,195,174,54,5122,346,28,318,245,170,254,124,286,64,5,88,170,18,143,26,-104.07,26.525,"durangae","durangae",NA
4801,"Kk",197,175,182,57,4526,325,10,315,216,156,226,112,503,131,3,110,352,15,295,26,-105.50722,26.44139,"durangae","durangae",NA
4750,"I",198,178,185,58,4571,328,10,318,219,160,230,114,483,121,3,110,343,14,289,23,-105.3449556,26.40083,"durangae","durangae",NA
4750,"I",199,176,185,58,4494,326,9,317,217,158,227,113,486,123,2,110,345,12,291,23,-105.4047546584,26.3502453415,"durangae","durangae",NA
5051,"Xk",200,202,175,55,5000,350,36,314,250,180,259,133,265,61,5,85,155,17,127,22,-103.835,26.233,"durangae","durangae",NA
4750,"I",201,168,188,59,4430,317,0,317,208,151,218,106,443,109,2,109,306,13,266,22,-105.164,26.217,"durangae","durangae",NA
4750,"I",202,171,188,59,4426,319,2,317,210,154,220,108,426,104,2,107,294,12,165,20,-105.088,26.216,"durangae","durangae",NA
4750,"I",203,164,188,59,4304,312,-2,314,203,148,212,104,471,114,3,106,322,14,283,23,-105.162,26.139,"durangae","durangae",NA
4801,"Kk",204,182,191,59,4433,331,12,319,223,165,231,120,425,95,4,100,271,16,243,21,-104.7806503,25.9291067,"durangae","durangae",NA
5051,"Xk",205,207,178,56,4894,355,41,314,254,187,263,140,244,56,4,85,140,14,116,20,-103.668963,25.909266,"durangae","durangae",NA
4801,"Kk",206,187,192,60,4467,336,16,320,227,169,237,124,408,92,5,98,259,16,230,21,-104.695383333333,25.9062666666667,"durangae","durangae",NA
4801,"Kk",207,187,192,60,4467,336,16,320,227,169,237,124,408,92,5,98,259,16,230,21,-104.695,25.906,"durangae","durangae",NA
4801,"Kk",208,192,189,60,4439,340,25,315,233,173,242,131,353,84,5,94,222,19,187,27,-104.3861845,25.83306,"durangae","durangae",NA
4841,"Kl",209,184,191,60,4217,330,14,316,221,169,230,124,480,133,3,113,346,11,167,20,-105.315,25.826,"durangae","durangae",NA
4750,"I",210,183,190,60,4394,331,15,316,223,164,232,122,424,97,5,95,264,20,235,28,-104.556353,25.800898,"durangae","durangae",NA
4750,"I",211,184,190,60,4374,332,17,315,224,165,233,123,411,95,5,94,255,22,225,30,-104.5353333,25.7795,"durangae","durangae",NA
4801,"Kk",212,198,187,59,4428,344,32,312,239,178,248,137,326,80,4,94,209,17,171,26,-104.287,25.776,"durangae","durangae",NA
4801,"Kk",213,183,179,59,4285,325,24,301,221,163,231,123,337,80,5,89,207,18,120,27,-103.9146033,25.6717343,"durangae","durangae",NA
4841,"Kl",214,189,196,60,4415,341,17,324,230,172,239,128,401,103,2,108,276,9,241,20,-104.983,25.574,"durangae","durangae",NA
4750,"I",215,186,193,60,4385,336,18,318,226,167,235,125,406,95,5,97,254,21,232,32,-104.59,25.546,"durangae","durangae",NA
4841,"Kl",216,211,177,57,4762,356,46,310,255,193,265,145,248,53,3,81,139,14,116,23,-103.5889167,25.534,"durangae","durangae",NA
4841,"Kl",217,211,177,57,4762,356,46,310,255,193,265,145,248,53,3,81,139,14,116,23,-103.5889167,25.534,"durangae","durangae",NA
4841,"Kl",218,211,177,57,4773,356,46,310,255,193,264,145,252,53,3,76,138,15,116,25,-103.5782152,25.5138356,"durangae","durangae",NA
4750,"I",219,190,194,60,4381,340,21,319,229,171,239,129,377,88,5,95,236,19,215,30,-104.5427322,25.5063422,"durangae","durangae",NA
4841,"Kl",220,211,177,57,4773,356,46,310,255,193,264,145,252,53,3,76,138,15,116,25,-103.5553083,25.5052417,"durangae","durangae",NA
4750,"I",221,187,194,60,4388,338,18,320,227,169,236,126,397,93,4,95,250,18,228,31,-104.59,25.5019,"durangae","durangae",NA
4750,"I",222,193,194,60,4424,344,24,320,233,174,243,132,355,83,5,95,223,18,203,29,-104.5324428,25.4960528,"durangae","durangae",NA
4841,"Kl",223,198,196,60,4510,351,26,325,239,179,249,136,358,85,3,100,230,13,211,26,-104.5983,25.4464,"durangae","durangae",NA
4841,"Kl",224,198,196,60,4510,351,26,325,239,179,249,136,358,85,3,100,230,13,211,26,-104.6028,25.4372,"durangae","durangae",NA
4841,"Kl",225,198,196,60,4510,351,26,325,239,179,249,136,358,85,3,100,230,13,211,26,-104.6017,25.4339,"durangae","durangae",NA
4841,"Kl",226,198,196,60,4510,351,26,325,239,179,249,136,358,85,3,100,230,13,211,26,-104.6017,25.4339,"durangae","durangae",NA
4841,"Kl",227,198,196,60,4510,351,26,325,239,179,249,136,358,85,3,100,230,13,211,26,-104.6017,25.4339,"durangae","durangae",NA
4841,"Kl",228,198,196,60,4510,351,26,325,239,179,249,136,358,85,3,100,230,13,211,26,-104.6017,25.4339,"durangae","durangae",NA
4841,"Kl",229,198,196,60,4510,351,26,325,239,179,249,136,358,85,3,100,230,13,211,26,-104.6017,25.4339,"durangae","durangae",NA
4841,"Kl",230,210,178,57,4710,354,44,310,253,192,263,145,261,60,3,88,156,13,138,22,-103.7303561,25.4288039,"durangae","durangae",NA
4841,"Kl",231,198,196,60,4510,351,26,325,239,179,249,136,358,85,3,100,230,13,211,26,-104.6044,25.4253,"durangae","durangae",NA
4841,"Kl",232,203,196,59,4602,356,29,327,245,184,255,140,346,83,3,100,222,12,205,26,-104.6008,25.4156,"durangae","durangae",NA
4841,"Kl",233,203,196,59,4602,356,29,327,245,184,255,140,346,83,3,100,222,12,205,26,-104.6094,25.4011,"durangae","durangae",NA
4841,"Kl",234,203,196,59,4602,356,29,327,245,184,255,140,346,83,3,100,222,12,205,26,-104.61,25.3906,"durangae","durangae",NA
4841,"Kl",235,206,196,59,4636,360,31,329,249,187,258,143,341,84,2,100,222,10,204,25,-104.612,25.372,"durangae","durangae",NA
4841,"Kl",236,206,196,59,4639,360,31,329,249,187,259,143,346,87,2,103,228,10,208,23,-104.6269,25.3458,"durangae","durangae",NA
4841,"Kl",237,208,196,59,4682,362,33,329,251,189,261,144,346,88,2,105,231,9,209,21,-104.636696,25.305604,"durangae","durangae",NA
4841,"Kl",238,210,177,57,4638,352,45,307,252,192,262,146,271,63,3,91,167,13,152,22,-103.764089,25.277666,"durangae","durangae",NA
4841,"Kl",239,213,188,58,4783,362,40,322,256,194,267,147,310,77,3,98,196,12,184,21,-104.205905,25.194398,"durangae","durangae",NA
4841,"Kl",240,209,195,59,4666,363,35,328,251,191,262,145,364,91,2,102,242,10,220,24,-104.54674,25.14544,"durangae","durangae",NA
4841,"Kl",241,209,195,59,4666,363,35,328,251,191,262,145,364,91,2,102,242,10,220,24,-104.54674,25.14544,"durangae","durangae",NA
4841,"Kl",242,210,197,60,4519,365,39,326,249,193,261,148,392,98,2,105,262,11,154,23,-104.476,25.025,"durangae","durangae",NA
4832,"Kl",243,159,182,61,3888,302,8,294,196,139,204,106,570,142,2,104,382,17,347,50,-105.217,25.017,"durangae","durangae",NA
4841,"Kl",244,208,198,60,4466,364,38,326,246,191,259,147,401,99,2,104,269,11,158,24,-104.53,25.004,"durangae","durangae",NA
4841,"Kl",245,208,198,60,4373,364,39,325,244,191,258,148,416,103,3,105,280,12,165,22,-104.478,24.989,"durangae","durangae",NA
4832,"Kl",246,168,171,62,3591,305,30,275,198,152,209,118,541,133,3,109,382,14,212,32,-104.8089573,24.6014409,"durangae","durangae",NA
4801,"Kk",247,172,176,62,3699,310,27,283,204,155,214,120,473,125,3,105,323,18,172,33,-104.138,24.474,"durangae","durangae",NA
4832,"Kl",248,181,162,59,3704,313,40,273,211,165,223,129,558,148,4,110,389,16,211,33,-104.516655,24.3319607,"durangae","durangae",NA
4801,"Kk",249,169,173,61,3639,306,26,280,200,152,210,118,482,121,4,102,324,19,184,34,-104.0490341,24.3165321,"durangae","durangae",NA
4750,"I",250,180,164,59,3755,313,38,275,210,163,222,127,560,148,5,109,387,17,211,34,-104.4167,24.3,"durangae","durangae",NA
4750,"I",251,177,161,59,3730,308,37,271,208,160,219,125,550,141,4,107,373,16,208,35,-104.3500667,24.1795167,"durangae","durangae",NA
4750,"I",252,177,161,59,3730,308,37,271,208,160,219,125,550,141,4,107,373,16,208,35,-104.3500667,24.1795167,"durangae","durangae",NA
4832,"Kl",253,169,150,58,3564,295,38,257,199,153,210,120,529,136,5,105,361,18,195,37,-104.66972,24.1545733,"durangae","durangae",NA
4832,"Kl",254,169,150,58,3564,295,38,257,199,153,210,120,529,136,5,105,361,18,195,37,-104.66972,24.1400218,"durangae","durangae",NA
4832,"Kl",255,171,148,58,3554,295,40,255,201,156,212,122,523,135,5,105,353,18,191,37,-104.7025,24.1098541,"durangae","durangae",NA
4832,"Kl",256,175,149,57,3602,299,42,257,204,159,215,124,629,170,5,107,424,19,235,40,-104.5874044,24.1059256,"durangae","durangae",NA
4832,"Kl",257,171,148,58,3554,295,40,255,201,156,212,122,523,135,5,105,353,18,191,37,-104.66972,24.0963674,"durangae","durangae",NA
4832,"Kl",258,172,146,57,3553,294,42,252,202,156,212,122,506,128,5,101,336,18,184,38,-104.699617,24.048531,"durangae","durangae",NA
4832,"Kl",259,177,146,57,3579,299,46,253,207,162,218,127,603,159,5,103,399,19,227,41,-104.6115141,24.02361,"durangae","durangae",NA
4832,"Kl",260,177,146,57,3579,299,46,253,207,162,218,127,603,159,5,103,399,19,227,41,-104.6115141,24.02361,"durangae","durangae",NA
4750,"I",261,171,144,57,3518,292,42,250,200,155,211,122,490,124,4,103,326,17,175,41,-104.7279259,24.02361,"durangae","durangae",NA
4750,"I",262,179,151,58,3654,304,44,260,209,163,220,128,622,162,4,106,416,17,238,41,-104.482914,24.013418,"durangae","durangae",NA
5028,"Tv",263,185,154,58,3806,313,48,265,217,169,228,132,470,118,3,106,321,13,182,32,-104.257816,23.876871,"durangae","durangae",NA
5028,"Tv",264,181,154,58,3765,308,45,263,212,164,224,129,451,106,2,105,300,13,188,31,-104.2477273,23.8053379,"durangae","durangae",NA
5028,"Tv",265,194,147,56,3875,318,60,258,226,178,237,140,450,116,3,106,303,14,177,34,-104.321,23.706,"durangae","durangae",NA
5028,"Tv",266,199,144,56,3898,320,66,254,231,183,242,143,473,123,3,105,316,15,182,40,-104.39556,23.6331262,"durangae","durangae",NA
5028,"Tv",267,192,140,56,3814,310,63,247,224,176,234,138,519,131,3,101,337,17,200,49,-104.435,23.524,"durangae","durangae",NA
5028,"Tv",268,208,142,56,3913,327,76,251,240,193,251,153,490,125,3,102,318,17,189,47,-104.4083499,23.4602701,"durangae","durangae",NA
5051,"Xk",269,192,164,62,3481,315,54,261,228,157,228,142,462,74,10,64,200,39,190,44,-100.635,23.597,"lineatus","lineatus",NA
4801,"Kk",270,176,194,67,3138,314,27,287,203,165,211,134,365,75,4,75,196,21,125,38,-102.2498097,23.3644274,"lineatus","lineatus",NA
4801,"Kk",271,175,195,67,3208,314,23,291,202,162,210,131,370,77,4,76,199,21,129,38,-102.302752,23.360128,"lineatus","lineatus",NA
4801,"Kk",272,163,182,63,3321,300,14,286,189,148,199,116,418,95,5,92,251,18,158,35,-102.892097,23.184325,"lineatus","lineatus",NA
4750,"I",273,164,176,68,2607,292,34,258,183,157,193,128,363,70,6,67,174,25,138,44,-101.847,22.751,"lineatus","lineatus",NA
4759,"I",274,194,162,63,3068,318,61,257,216,189,226,150,636,113,13,72,319,52,185,61,-100.306,22.661,"lineatus","lineatus",NA
4801,"Kk",275,174,173,67,2625,301,45,256,200,168,203,137,374,65,6,70,189,28,153,40,-101.428,22.629,"lineatus","lineatus",NA
5052,"Xk",276,185,163,64,2835,308,55,253,205,157,214,144,566,101,11,72,286,47,164,55,-100.46688,22.61799,"lineatus","lineatus",NA
5052,"Xk",277,201,167,63,2986,326,65,261,228,196,231,158,531,92,11,71,256,46,166,54,-100.529,22.61,"lineatus","lineatus",NA
5008,"Re",278,222,154,58,3545,344,81,263,254,187,257,171,502,87,9,72,241,38,222,39,-100.0261627,22.6020506,"lineatus","lineatus",NA
4801,"Kk",279,159,167,66,2550,283,33,250,183,152,187,122,398,80,6,73,205,25,171,45,-101.676,22.519,"lineatus","lineatus",NA
4835,"Kl",280,164,169,65,2725,289,30,259,190,155,194,125,458,95,7,86,263,25,194,41,-101.894722,22.233889,"lineatus","lineatus",NA
4835,"Kl",281,161,156,63,2666,279,33,246,186,132,191,124,448,81,9,75,228,34,128,39,-101.383,21.893,"lineatus","lineatus",NA
4749,"I",282,176,169,65,2654,300,40,260,201,150,205,139,376,80,6,72,197,29,109,35,-101.116,21.841,"lineatus","lineatus",NA
5008,"Re",283,187,180,65,2732,315,42,273,206,160,215,148,465,92,7,80,236,26,198,26,-100.995301,21.772527,"lineatus","lineatus",NA
5051,"Xk",284,183,173,63,3507,315,43,272,223,146,223,135,311,45,7,53,125,35,125,39,-100.6083333,24.4016667,"nelsoni","nelsoni",NA
5051,"Xk",285,192,164,62,3481,315,54,261,228,157,228,142,462,74,10,64,200,39,190,44,-100.644,23.59,"nelsoni","nelsoni",NA
5051,"Xk",286,196,164,62,3507,319,57,262,226,161,232,146,430,67,8,59,183,40,168,49,-100.62685,23.4831167,"nelsoni","nelsoni",NA
4801,"Kk",287,171,176,67,2712,299,39,260,199,165,200,133,256,42,2,62,111,17,110,27,-101.5344444,23.1641667,"nelsoni","nelsoni",NA
4759,"I",288,219,159,59,3471,343,77,266,250,185,253,169,472,86,10,69,221,41,214,42,-100.1433333,22.64,"nelsoni","nelsoni",NA
4834,"Kl",289,181,165,66,2549,303,54,249,198,157,209,145,376,68,8,72,181,29,119,31,-100.803,22.353,"nelsoni","nelsoni",NA
4835,"Kl",290,177,174,63,3104,309,33,276,209,167,212,134,463,113,3,94,279,17,202,40,-102.246,22.018,"nelsoni","nelsoni",NA
4749,"I",291,172,166,65,2514,296,43,253,196,138,200,138,414,85,6,78,208,26,185,31,-100.61,21.315,"nelsoni","nelsoni",NA
4790,"Kh",292,210,145,47,5868,353,47,306,271,147,280,130,386,81,8,64,182,36,146,40,-101.066671,26.750002,"nelsoni","nelsoni",NA
4789,"Kh",293,196,143,48,5478,331,39,292,251,137,260,121,323,68,7,71,159,25,127,27,-101.23889,26.5915359,"nelsoni","nelsoni",NA
4789,"Kh",294,204,146,48,5621,342,43,299,260,144,270,127,304,62,6,68,148,24,120,27,-101.256541,26.531652,"nelsoni","nelsoni",NA
4790,"Kh",295,215,136,46,5559,351,58,293,274,155,280,137,359,85,8,70,175,36,132,41,-100.78541,26.40631,"nelsoni","nelsoni",NA
4759,"I",296,187,139,50,4984,314,39,275,235,133,244,118,297,57,6,69,152,24,127,28,-101.353155,26.319566,"nelsoni","nelsoni",NA
4790,"Kh",297,181,129,50,4611,301,44,257,229,131,235,117,388,92,9,73,192,34,149,38,-100.6541667,26.3044444,"nelsoni","nelsoni",NA
4832,"Kl",298,221,124,43,5640,364,79,285,282,159,287,143,741,153,19,63,329,75,263,76,-99.753902,26.203064,"nelsoni","nelsoni",NA
4832,"Kl",299,221,124,43,5640,364,79,285,282,159,287,143,741,153,19,63,329,75,263,76,-99.753902,26.203064,"nelsoni","nelsoni",NA
4759,"I",300,196,138,51,4742,321,52,269,243,146,252,132,262,43,6,56,123,29,110,38,-101.1164118,25.680705,"nelsoni","nelsoni",NA
4749,"I",301,197,127,49,4693,316,59,257,226,146,252,132,379,95,8,80,201,29,146,32,-100.4825188901,25.6547011098,"nelsoni","nelsoni",NA
4759,"I",302,186,136,52,4384,306,49,257,229,140,238,127,256,42,7,50,112,30,98,36,-101,25.62005,"nelsoni","nelsoni",NA
4759,"I",303,210,170,54,5173,358,44,314,259,188,267,139,208,37,2,67,103,11,95,25,-103.18999,25.6196892,"nelsoni","nelsoni",NA
5051,"Xk",304,209,147,51,4940,340,57,283,255,191,265,142,259,46,3,65,124,21,121,34,-102.0369853,25.6148977,"nelsoni","nelsoni",NA
4759,"I",305,190,139,52,4551,313,49,264,234,141,243,128,273,42,7,54,125,30,113,37,-101.10117,25.60563,"nelsoni","nelsoni",NA
4759,"I",306,186,137,52,4412,307,48,259,229,139,238,127,260,42,7,52,115,30,102,36,-101.005299,25.597541,"nelsoni","nelsoni",NA
5051,"Xk",307,203,145,51,4948,334,54,280,251,151,261,136,297,57,6,66,152,30,141,39,-101.3931170544,25.57056,"nelsoni","nelsoni",NA
5051,"Xk",308,201,144,51,4877,331,53,278,248,149,258,135,300,57,6,64,153,30,141,39,-101.3374428,25.5695072,"nelsoni","nelsoni",NA
4749,"I",309,163,133,59,3276,268,44,224,194,126,200,117,469,103,9,73,242,37,197,41,-100.46194,25.5690542486,"nelsoni","nelsoni",NA
5051,"Xk",310,204,146,51,4958,335,54,281,252,151,261,136,299,58,5,68,155,28,144,38,-101.42222,25.5632842636,"nelsoni","nelsoni",NA
5051,"Xk",311,204,146,51,4967,336,54,282,252,151,261,137,302,58,5,66,156,28,146,38,-101.4616474,25.5617144,"nelsoni","nelsoni",NA
4759,"I",312,208,148,52,4794,338,58,280,252,191,262,142,290,57,4,69,150,21,139,35,-102.19206,25.51508,"nelsoni","nelsoni",NA
5051,"Xk",313,212,180,57,4790,361,47,314,256,195,265,146,238,45,2,75,125,13,112,26,-103.42221,25.5135717,"nelsoni","nelsoni",NA
4759,"I",314,205,148,53,4716,335,56,279,248,187,258,140,290,60,5,73,156,20,140,33,-102.363376,25.5126304,"nelsoni","nelsoni",NA
5037,"Vp",315,229,136,45,5712,372,73,299,268,152,296,152,717,154,16,66,334,63,244,63,-99.8243529166,25.4706401281,"nelsoni","nelsoni",NA
5051,"Xk",316,200,155,54,4866,338,51,287,246,147,256,134,389,73,6,72,204,29,196,37,-101.498453,25.357118,"nelsoni","nelsoni",NA
4841,"Kl",317,212,175,56,4737,356,48,308,255,193,264,146,245,45,3,75,132,14,122,26,-103.492,25.349,"nelsoni","nelsoni",NA
4749,"I",318,130,138,64,2471,233,20,213,152,100,157,95,587,105,16,61,271,59,205,63,-100.3758333,25.3308333,"nelsoni","nelsoni",NA
4841,"Kl",319,208,174,57,4654,351,47,304,250,190,260,144,258,53,3,82,148,13,135,25,-103.532,25.316,"nelsoni","nelsoni",NA
4841,"Kl",320,206,175,57,4545,347,43,304,246,188,256,143,279,66,3,89,171,13,103,25,-103.6516889,25.3144689,"nelsoni","nelsoni",NA
4841,"Kl",321,210,173,56,4680,352,48,304,253,191,262,145,252,51,3,80,145,13,132,25,-103.515,25.283,"nelsoni","nelsoni",NA
4841,"Kl",322,205,175,57,4520,346,43,303,245,187,255,142,284,67,3,91,175,14,106,26,-103.6619783,25.2630217,"nelsoni","nelsoni",NA
4759,"I",323,156,166,62,3698,286,22,264,190,112,196,104,502,81,13,58,232,52,185,59,-101.55575,25.24614,"nelsoni","nelsoni",NA
4759,"I",324,156,166,62,3698,286,22,264,190,112,196,104,502,81,13,58,232,52,185,59,-101.55575,25.24614,"nelsoni","nelsoni",NA
4759,"I",325,156,166,62,3698,286,22,264,190,112,196,104,502,81,13,58,232,52,185,59,-101.55575,25.23161,"nelsoni","nelsoni",NA
4841,"Kl",326,212,175,57,4655,353,47,306,254,194,264,147,265,59,3,88,161,13,148,22,-103.713,25.223,"nelsoni","nelsoni",NA
4841,"Kl",327,211,177,57,4639,352,44,308,252,193,262,147,279,64,3,91,172,13,110,21,-103.8587875,25.2012634,"nelsoni","nelsoni",NA
4749,"I",328,148,155,61,3559,272,21,251,181,106,187,98,459,71,14,53,202,53,165,58,-100.9411667,25.1840556,"nelsoni","nelsoni",NA
5051,"Xk",329,207,154,57,4190,334,65,269,246,190,255,150,265,61,4,81,155,18,135,27,-102.6180556,25.1577778,"nelsoni","nelsoni",NA
4841,"Kl",330,168,173,62,3645,302,25,277,199,151,209,116,367,78,4,87,220,17,140,30,-103.26667,25.13333,"nelsoni","nelsoni",NA
4841,"Kl",331,212,173,57,4576,350,47,303,252,195,263,149,277,62,3,88,165,13,116,21,-103.7617271,25.11917,"nelsoni","nelsoni",NA
5051,"Xk",332,202,159,59,3917,329,61,268,238,185,246,147,285,60,4,82,165,17,143,28,-102.6919444,25.1169444,"nelsoni","nelsoni",NA
4841,"Kl",333,212,173,57,4576,350,47,303,252,195,263,149,277,62,3,88,165,13,116,21,-103.758,25.088,"nelsoni","nelsoni",NA
4759,"I",334,211,155,57,4097,337,69,268,250,195,258,155,256,62,3,84,152,17,131,26,-102.60917,25.0783952,"nelsoni","nelsoni",NA
4841,"Kl",335,211,175,57,4538,351,47,304,250,194,262,148,297,66,3,93,181,13,122,22,-103.833,25.06,"nelsoni","nelsoni",NA
5051,"Xk",336,206,162,62,3519,329,69,260,238,191,245,156,319,62,4,82,184,18,162,31,-102.508,24.999,"nelsoni","nelsoni",NA
4801,"Kk",337,202,176,59,4124,342,48,294,236,187,249,144,374,102,4,100,247,16,135,25,-103.698,24.857,"nelsoni","nelsoni",NA
5051,"Xk",338,199,172,64,3359,326,61,265,229,184,235,151,376,80,5,82,215,19,193,35,-102.3289828,24.81472,"nelsoni","nelsoni",NA
4749,"I",339,180,154,65,2533,290,56,234,203,152,209,145,484,81,14,54,200,48,177,56,-100.07,24.7961771,"nelsoni","nelsoni",NA
5051,"Xk",340,192,175,65,3385,322,54,268,223,177,229,144,412,89,5,83,235,20,210,38,-102.2555352,24.7955352,"nelsoni","nelsoni",NA
4749,"I",341,182,153,65,2618,293,59,234,207,154,213,147,522,91,14,59,223,47,200,53,-100.0391317,24.7944117,"nelsoni","nelsoni",NA
4749,"I",342,182,155,66,2533,292,58,234,205,154,211,147,484,75,14,53,197,46,181,54,-100.0075505,24.7695489,"nelsoni","nelsoni",NA
5051,"Xk",343,189,174,59,4360,335,43,292,232,143,240,130,394,64,10,57,170,39,168,46,-100.89028,24.7539118,"nelsoni","nelsoni",NA
4801,"Kk",344,187,180,61,3850,328,36,292,219,145,230,133,359,98,2,105,240,12,135,20,-103.79,24.74,"nelsoni","nelsoni",NA
4801,"Kk",345,186,182,62,3836,328,35,293,218,145,229,132,371,101,2,106,250,12,141,20,-103.83611,24.73722,"nelsoni","nelsoni",NA
5051,"Xk",346,185,180,66,3416,318,46,272,217,169,223,136,438,92,5,82,244,22,222,43,-102.1313455,24.7363455,"nelsoni","nelsoni",NA
5051,"Xk",347,196,181,60,4437,345,45,300,247,176,247,135,415,79,8,68,206,35,206,47,-101.3385359,24.6978541,"nelsoni","nelsoni",NA
5051,"Xk",348,200,177,61,4007,340,53,287,238,183,245,144,343,78,4,86,195,17,188,31,-101.8886318,24.6775,"nelsoni","nelsoni",NA
5051,"Xk",349,200,177,61,4007,340,53,287,238,183,245,144,343,78,4,86,195,17,188,31,-101.8886318,24.6775,"nelsoni","nelsoni",NA
4801,"Kk",350,179,180,62,3717,319,31,288,209,162,221,126,358,98,1,106,240,9,137,19,-103.7517,24.6653,"nelsoni","nelsoni",NA
5051,"Xk",351,195,182,60,4379,343,44,299,245,174,245,135,406,76,8,67,198,35,198,47,-101.3214054,24.6562509,"nelsoni","nelsoni",NA
4801,"Kk",352,181,180,62,3673,320,33,287,211,140,222,129,346,94,1,104,229,10,131,19,-103.705,24.6447222222222,"nelsoni","nelsoni",NA
5051,"Xk",353,204,175,65,3322,333,65,268,235,190,241,156,326,67,4,81,187,17,168,32,-102.295,24.6447222,"nelsoni","nelsoni",NA
5051,"Xk",354,187,175,60,4077,329,42,287,234,143,234,131,372,59,9,55,159,37,159,44,-100.8611771,24.6302243,"nelsoni","nelsoni",NA
3511,"I",355,158,183,68,3159,288,22,266,186,140,192,112,459,69,17,45,185,58,156,68,-101.42167,24.61472,"nelsoni","nelsoni",NA
5051,"Xk",356,190,180,65,3375,323,50,273,221,175,227,142,368,74,4,81,206,19,187,38,-102.217,24.613,"nelsoni","nelsoni",NA
3511,"I",357,178,188,66,3692,319,35,284,219,159,219,126,441,67,14,50,187,51,187,69,-101.3896953,24.5827453,"nelsoni","nelsoni",NA
3511,"I",358,163,188,69,3140,296,25,271,191,147,197,118,441,68,15,46,179,54,172,65,-101.5048041,24.5315859,"nelsoni","nelsoni",NA
3511,"I",359,163,188,69,3140,296,25,271,191,147,197,118,441,68,15,46,179,54,172,65,-101.5239889,24.5124011,"nelsoni","nelsoni",NA
5051,"Xk",360,189,187,64,3813,331,43,288,232,171,232,136,372,80,6,74,195,26,195,42,-101.6994301,24.4791501,"nelsoni","nelsoni",NA
5051,"Xk",361,169,183,66,3523,306,30,276,202,152,209,120,400,58,13,47,162,49,161,59,-101.0874548,24.4762835,"nelsoni","nelsoni",NA
3511,"I",362,162,187,69,3120,295,25,270,190,146,196,117,427,64,15,45,172,52,166,63,-101.4839664,24.4643231,"nelsoni","nelsoni",NA
3511,"I",363,178,189,66,3559,319,36,283,211,161,218,128,383,62,10,55,170,39,164,54,-101.42167,24.3964479,"nelsoni","nelsoni",NA
3511,"I",364,183,189,66,3621,324,40,284,217,167,224,133,369,72,7,68,184,30,179,45,-101.64803,24.38835,"nelsoni","nelsoni",NA
3511,"I",365,185,187,65,3706,327,40,287,220,169,227,134,348,65,7,62,168,31,158,43,-101.42167,24.32369,"nelsoni","nelsoni",NA
5051,"Xk",366,187,186,64,3825,330,41,289,223,171,231,134,347,62,7,62,163,32,156,43,-101.3005381,24.3222817,"nelsoni","nelsoni",NA
3511,"I",367,185,187,65,3706,327,40,287,220,169,227,134,348,65,7,62,168,31,158,43,-101.42167,24.29458,"nelsoni","nelsoni",NA
5051,"Xk",368,190,185,65,3582,328,46,282,230,175,230,140,293,73,2,93,166,15,166,30,-102.1730748,24.2477948,"nelsoni","nelsoni",NA
5051,"Xk",369,190,185,65,3582,328,46,282,230,175,230,140,293,73,2,93,166,15,166,30,-102.1719776,24.22861,"nelsoni","nelsoni",NA
4801,"Kk",370,161,183,65,3245,298,18,280,187,143,196,114,437,114,3,99,281,12,164,27,-103.2915455,24.1865455,"nelsoni","nelsoni",NA
5051,"Xk",371,179,189,67,3458,318,36,282,211,165,218,131,323,64,5,68,162,24,145,37,-101.571301,24.141663,"nelsoni","nelsoni",NA
4801,"Kk",372,179,186,66,3231,316,35,281,206,161,214,132,378,90,2,100,246,11,153,25,-103.0713537,24.1192207,"nelsoni","nelsoni",NA
4801,"Kk",373,193,185,66,3252,326,49,277,221,175,227,145,352,83,3,100,227,12,149,22,-102.926835,24.086495,"nelsoni","nelsoni",NA
4801,"Kk",374,189,187,65,3405,326,42,284,218,170,225,139,364,86,3,101,242,11,145,22,-103.01944,23.99389,"nelsoni","nelsoni",NA
4750,"I",375,171,188,68,3168,306,31,275,199,158,206,126,326,61,5,67,158,20,149,35,-101.6445933,23.9859567,"nelsoni","nelsoni",NA
4801,"Kk",376,190,186,65,3395,326,44,282,221,172,226,141,348,76,4,96,220,12,203,22,-102.8893066,23.9695834,"nelsoni","nelsoni",NA
5051,"Xk",377,173,183,65,3380,309,30,279,202,162,210,126,334,59,8,60,148,38,127,43,-100.836,23.845,"nelsoni","nelsoni",NA
4749,"I",378,173,174,66,3123,299,36,263,199,141,207,128,393,61,10,58,169,43,156,44,-100.522367,23.838771,"nelsoni","nelsoni",NA
4749,"I",379,180,174,65,3288,306,40,266,208,147,215,133,423,67,11,60,188,42,168,44,-100.558892,23.816201,"nelsoni","nelsoni",NA
5051,"Xk",380,183,173,64,3406,310,41,269,212,137,219,134,441,70,11,63,197,42,192,44,-100.64361,23.7910747,"nelsoni","nelsoni",NA
4801,"Kk",381,179,190,65,3437,317,29,288,210,160,216,129,386,85,4,92,241,14,217,33,-102.9849428,23.7710528,"nelsoni","nelsoni",NA
4801,"Kk",382,165,182,65,3460,300,22,278,196,150,204,117,329,64,5,75,172,21,159,32,-102.472,23.747,"nelsoni","nelsoni",NA
4750,"I",383,169,186,68,2955,301,31,270,194,160,203,129,347,68,4,70,173,20,164,42,-101.71472,23.7413682,"nelsoni","nelsoni",NA
4750,"I",384,165,186,69,2904,296,28,268,189,155,197,125,335,62,3,67,164,19,153,43,-101.7667244,23.7369944,"nelsoni","nelsoni",NA
4801,"Kk",385,163,186,69,2884,294,26,268,187,153,195,123,338,65,3,67,169,19,156,42,-101.87444,23.7153371,"nelsoni","nelsoni",NA
4801,"Kk",386,166,187,67,3219,301,23,278,194,154,203,122,342,74,5,75,179,21,165,36,-102.244013,23.691363,"nelsoni","nelsoni",NA
4832,"Kl",387,189,167,66,3085,307,54,253,216,159,221,145,472,77,12,64,214,42,206,44,-100.1948315,23.67222,"nelsoni","nelsoni",NA
5051,"Xk",388,190,165,62,3463,313,51,262,226,155,226,141,470,76,11,64,207,40,195,43,-100.64361,23.64556,"nelsoni","nelsoni",NA
5013,"Re",389,163,183,64,3356,300,15,285,191,146,201,115,560,129,4,96,348,14,214,56,-103.418,23.645,"nelsoni","nelsoni",NA
5013,"Re",390,145,166,61,3406,276,6,270,173,129,185,98,590,138,5,99,381,17,231,46,-103.792825,23.634748,"nelsoni","nelsoni",NA
5051,"Xk",391,192,164,62,3481,315,54,261,228,157,228,142,462,74,10,64,200,39,190,44,-100.635,23.597,"nelsoni","nelsoni",NA
5028,"Tv",392,167,166,60,3633,298,25,273,197,150,208,116,522,135,3,105,345,14,206,37,-103.866961,23.577027,"nelsoni","nelsoni",NA
4832,"Kl",393,173,156,63,2963,289,45,244,205,134,205,131,483,76,12,59,207,52,207,52,-99.7538889,23.5763889,"nelsoni","nelsoni",NA
4801,"Kk",394,173,189,67,3135,307,28,279,200,162,208,130,354,77,5,76,188,21,168,37,-102.0958727,23.5474673,"nelsoni","nelsoni",NA
5051,"Xk",395,197,164,62,3524,320,58,262,228,162,234,147,424,68,8,58,180,39,165,47,-100.62111,23.51972,"nelsoni","nelsoni",NA
5028,"Tv",396,160,164,60,3547,289,19,270,189,143,200,110,572,142,4,105,383,16,229,43,-103.8496953,23.5064147,"nelsoni","nelsoni",NA
4801,"Kk",397,174,191,67,3125,310,28,282,201,163,210,132,354,74,5,74,187,22,165,38,-102.14861,23.49755,"nelsoni","nelsoni",NA
3504,"I",398,213,139,57,3645,322,82,240,246,162,251,162,487,91,10,68,221,38,206,38,-99.3802778,23.4636111,"nelsoni","nelsoni",NA
3504,"I",399,213,138,57,3602,322,84,238,246,164,251,164,500,90,10,68,230,38,209,38,-99.3802778,23.4052778,"nelsoni","nelsoni",NA
3504,"I",400,213,138,57,3602,322,84,238,246,164,251,164,500,90,10,68,230,38,209,38,-99.3802778,23.4052778,"nelsoni","nelsoni",NA
3504,"I",401,213,138,57,3602,322,84,238,246,164,251,164,500,90,10,68,230,38,209,38,-99.3802778,23.4052778,"nelsoni","nelsoni",NA
4801,"Kk",402,166,188,65,3397,305,16,289,196,150,204,118,409,87,5,87,242,18,160,36,-102.8675,23.3835674,"nelsoni","nelsoni",NA
4801,"Kk",403,176,194,67,3138,314,27,287,203,165,211,134,365,75,4,75,196,21,125,38,-102.242534,23.3644274,"nelsoni","nelsoni",NA
4801,"Kk",404,176,194,67,3138,314,27,287,203,165,211,134,365,75,4,75,196,21,125,38,-102.242534,23.3644274,"nelsoni","nelsoni",NA
4801,"Kk",405,175,195,67,3208,314,23,291,202,162,210,131,370,77,4,76,199,21,129,38,-102.302752,23.360128,"nelsoni","nelsoni",NA
4801,"Kk",406,177,193,67,3117,315,28,287,204,166,212,135,362,73,5,74,195,22,124,38,-102.2012731,23.3539664,"nelsoni","nelsoni",NA
4801,"Kk",407,162,187,65,3301,301,15,286,190,147,199,116,406,85,4,87,236,17,160,35,-102.7801912,23.3501777,"nelsoni","nelsoni",NA
4801,"Kk",408,162,187,65,3301,301,15,286,190,147,199,116,406,85,4,87,236,17,160,35,-102.7656397,23.3501777,"nelsoni","nelsoni",NA
5051,"Xk",409,190,162,62,3402,315,55,260,224,155,226,141,476,79,10,63,205,41,204,47,-100.0744444,23.3413889,"nelsoni","nelsoni",NA
5013,"Re",410,155,164,61,3421,283,16,267,183,138,194,107,560,136,4,102,363,16,223,49,-103.75611,23.337841,"nelsoni","nelsoni",NA
5013,"Re",411,164,165,61,3514,292,23,269,193,147,204,115,535,131,3,100,344,16,211,46,-103.75611,23.3242753,"nelsoni","nelsoni",NA
4750,"I",412,165,186,64,3385,302,15,287,195,149,203,118,445,101,5,91,269,18,173,42,-103.11167,23.3091324,"nelsoni","nelsoni",NA
4832,"Kl",413,195,146,59,3405,307,61,246,223,147,230,147,575,108,11,74,262,40,244,40,-99.552008,23.30205,"nelsoni","nelsoni",NA
4801,"Kk",414,176,196,67,3218,316,24,292,203,163,212,132,389,80,4,78,214,20,137,39,-102.35167,23.29167,"nelsoni","nelsoni",NA
4801,"Kk",415,177,196,67,3177,317,25,292,204,165,213,133,400,81,5,77,219,22,141,40,-102.3310911,23.2710911,"nelsoni","nelsoni",NA
4695,"E",416,167,156,63,2883,286,42,244,198,137,198,125,526,86,10,63,229,48,229,55,-99.9563889,23.2402778,"nelsoni","nelsoni",NA
4801,"Kk",417,163,184,64,3312,301,15,286,190,149,200,117,414,91,5,89,246,18,159,36,-102.8675,23.2298228,"nelsoni","nelsoni",NA
4801,"Kk",418,160,182,64,3262,297,13,284,186,146,196,114,421,96,5,89,252,18,160,38,-102.896551,23.209184,"nelsoni","nelsoni",NA
4801,"Kk",419,163,182,63,3321,300,14,286,189,148,199,116,418,95,5,92,251,18,158,35,-102.886707,23.194313,"nelsoni","nelsoni",NA
4801,"Kk",420,174,192,66,3191,313,25,288,200,161,209,129,403,90,2,84,226,15,172,38,-102.475,23.18111,"nelsoni","nelsoni",NA
4801,"Kk",421,175,193,66,3184,315,26,289,202,163,211,131,403,85,2,83,226,16,165,38,-102.448211,23.167801,"nelsoni","nelsoni",NA
4801,"Kk",422,176,193,66,3169,316,27,289,202,164,211,132,406,86,3,85,229,17,167,38,-102.443381,23.165398,"nelsoni","nelsoni",NA
4695,"E",423,197,149,59,3377,313,62,251,230,149,232,149,526,97,10,74,252,39,225,39,-99.7083333,23.1197222,"nelsoni","nelsoni",NA
4801,"Kk",424,174,187,68,2772,306,33,273,195,165,204,135,369,67,5,74,191,22,144,37,-102.026,23.035,"nelsoni","nelsoni",NA
5008,"Re",425,203,147,58,3403,317,67,250,230,167,238,154,520,93,11,74,260,39,218,39,-99.7083333,23.0027778,"nelsoni","nelsoni",NA
5008,"Re",426,203,147,58,3403,317,67,250,230,167,238,154,520,93,11,74,260,39,218,39,-99.7083333,23.0027778,"nelsoni","nelsoni",NA
5008,"Re",427,203,147,58,3403,317,67,250,230,167,238,154,520,93,11,74,260,39,218,39,-99.7083333,23.0027778,"nelsoni","nelsoni",NA
5008,"Re",428,213,147,58,3489,328,75,253,240,177,248,163,477,90,9,74,241,35,209,38,-99.8052778,22.9097222,"nelsoni","nelsoni",NA
5008,"Re",429,212,160,60,3446,335,71,264,246,177,246,162,385,70,8,63,178,39,178,41,-100.213,22.866,"nelsoni","nelsoni",NA
5008,"Re",430,216,158,59,3533,338,74,264,251,181,251,165,368,66,7,63,172,37,172,38,-100.149,22.859,"nelsoni","nelsoni",NA
5008,"Re",431,217,149,58,3549,334,78,256,245,181,253,166,494,90,9,71,242,38,218,40,-99.8916667,22.8269444,"nelsoni","nelsoni",NA
5008,"Re",432,218,156,59,3556,340,77,263,254,183,254,167,397,70,7,64,184,36,184,37,-100.094,22.824,"nelsoni","nelsoni",NA
4750,"I",433,162,174,65,2829,290,25,265,183,151,193,122,411,86,3,90,246,12,163,41,-102.6267272,22.8231172,"nelsoni","nelsoni",NA
4801,"Kk",434,151,163,66,2507,271,25,246,168,143,179,115,390,82,3,88,227,15,161,36,-102.5533066,22.8194466,"nelsoni","nelsoni",NA
5028,"Tv",435,214,156,60,3446,335,77,258,243,223,251,165,510,127,4,102,331,16,206,48,-104.09944,22.8038984,"nelsoni","nelsoni",NA
4801,"Kk",436,161,172,66,2664,286,27,259,180,151,190,122,401,84,2,87,239,10,157,41,-102.5025226,22.7425671,"nelsoni","nelsoni",NA
4801,"Kk",437,165,178,67,2709,294,30,264,185,155,195,126,424,84,4,80,234,23,163,40,-102.3375524,22.7202528,"nelsoni","nelsoni",NA
4750,"I",438,156,167,66,2595,278,26,252,174,146,184,118,428,95,3,90,256,14,175,44,-102.6113333,22.713,"nelsoni","nelsoni",NA
4834,"Kl",439,192,169,65,2792,316,59,257,221,165,221,152,440,78,8,68,207,40,207,50,-100.722459,22.705373,"nelsoni","nelsoni",NA
4834,"Kl",440,192,169,65,2792,316,59,257,221,165,221,152,440,78,8,68,207,40,207,50,-100.722459,22.705373,"nelsoni","nelsoni",NA
4750,"I",441,163,175,66,2694,290,28,262,183,153,193,124,390,80,2,85,227,12,152,40,-102.4929644,22.6893544,"nelsoni","nelsoni",NA
4750,"I",442,163,175,66,2694,290,28,262,183,153,193,124,390,80,2,85,227,12,152,40,-102.482675,22.679065,"nelsoni","nelsoni",NA
5028,"Tv",443,219,160,61,3365,343,81,262,247,205,256,171,507,127,4,101,329,16,205,48,-104.0674653,22.6730847,"nelsoni","nelsoni",NA
5028,"Tv",444,217,158,61,3342,339,80,259,245,226,254,170,513,129,4,102,332,16,207,50,-104.09944,22.6682414,"nelsoni","nelsoni",NA
5052,"Xk",445,201,168,64,3012,325,64,261,229,196,231,157,493,86,10,69,236,44,226,53,-100.5553009,22.6529948,"nelsoni","nelsoni",NA
4750,"I",446,166,177,64,2991,297,23,274,190,154,200,124,410,97,3,91,249,13,169,45,-102.8727106,22.64861,"nelsoni","nelsoni",NA
5028,"Tv",447,202,160,61,3339,326,64,262,230,187,239,155,514,131,4,105,334,18,208,48,-103.9626,22.644266,"nelsoni","nelsoni",NA
4883,"Lc",448,177,148,60,3186,293,48,245,204,185,212,132,661,159,3,100,418,17,266,76,-104.1690369,22.6280994,"nelsoni","nelsoni",NA
4801,"Kk",449,170,175,67,2653,298,39,259,189,163,199,133,345,64,5,66,166,25,129,44,-101.687,22.628,"nelsoni","nelsoni",NA
4801,"Kk",450,170,175,67,2653,298,39,259,189,163,199,133,345,64,5,66,166,25,129,44,-101.678,22.628,"nelsoni","nelsoni",NA
4801,"Kk",451,170,176,67,2664,298,39,259,189,163,199,133,350,65,6,65,169,26,132,43,-101.714,22.628,"nelsoni","nelsoni",NA
5008,"Re",452,222,154,58,3545,344,81,263,254,187,257,171,502,87,9,72,241,38,222,39,-100.0261627,22.6020506,"nelsoni","nelsoni",NA
4801,"Kk",453,168,174,67,2627,295,38,257,186,161,197,131,344,64,6,67,167,25,131,42,-101.68032,22.59176,"nelsoni","nelsoni",NA
5028,"Tv",454,172,179,63,3175,306,26,280,198,158,208,128,452,107,5,95,281,16,175,49,-103.027154,22.586382,"nelsoni","nelsoni",NA
5028,"Tv",455,142,159,62,2799,264,11,253,163,130,174,102,471,121,3,95,293,18,174,56,-103.2301267,22.5701533,"nelsoni","nelsoni",NA
4801,"Kk",456,159,167,66,2550,283,33,250,183,152,187,122,398,80,6,73,205,25,171,45,-101.676,22.519,"nelsoni","nelsoni",NA
4835,"Kl",457,164,173,66,2669,291,32,259,183,156,193,126,425,99,4,86,249,20,158,46,-101.90639,22.4603076,"nelsoni","nelsoni",NA
4749,"I",458,164,166,66,2549,288,39,249,188,158,192,128,376,67,7,71,193,28,110,40,-101.4403314,22.4136458,"nelsoni","nelsoni",NA
5028,"Tv",459,206,172,61,3303,340,62,278,240,171,244,160,483,140,2,108,319,18,219,24,-103.7391794,22.3986194,"nelsoni","nelsoni",NA
4835,"Kl",460,170,182,65,2874,301,25,276,192,158,201,129,450,98,5,90,270,22,181,38,-102.268882,22.394199,"nelsoni","nelsoni",NA
5028,"Tv",461,170,168,61,3087,301,30,271,194,156,206,127,595,147,4,102,383,16,244,54,-103.4260131,22.3742669,"nelsoni","nelsoni",NA
4749,"I",462,179,170,66,2526,304,50,254,202,174,206,143,345,58,6,72,167,27,101,31,-101.2253814727,22.32972,"nelsoni","nelsoni",NA
4834,"Kl",463,182,166,66,2501,304,55,249,198,159,209,147,345,61,7,70,160,28,110,29,-100.97611,22.3257277,"nelsoni","nelsoni",NA
4834,"Kl",464,182,166,66,2501,304,55,249,198,159,209,147,345,61,7,70,160,28,110,29,-100.982802,22.324331,"nelsoni","nelsoni",NA
5028,"Tv",465,183,180,62,3276,322,35,287,210,169,221,138,592,144,3,102,379,18,251,47,-103.21,22.3138456,"nelsoni","nelsoni",NA
4835,"Kl",466,165,172,65,2737,292,31,261,192,157,196,126,432,93,7,89,257,24,193,36,-101.85,22.3,"nelsoni","nelsoni",NA
4835,"Kl",467,171,181,64,2972,303,24,279,194,159,204,129,438,103,5,91,267,20,184,37,-102.291327,22.297219,"nelsoni","nelsoni",NA
4835,"Kl",468,164,173,65,2806,292,26,266,184,154,195,124,493,105,8,86,295,27,189,48,-102.1,22.285,"nelsoni","nelsoni",NA
4832,"Kl",469,166,177,65,2867,295,23,272,188,155,198,126,461,105,6,91,276,20,195,36,-102.363115,22.276452,"nelsoni","nelsoni",NA
4834,"Kl",470,180,164,66,2545,301,54,247,203,157,208,145,366,65,8,71,173,29,117,30,-100.871846,22.252659,"nelsoni","nelsoni",NA
4834,"Kl",471,180,163,65,2524,301,54,247,202,157,208,145,354,63,8,70,165,27,116,29,-100.884273,22.245087,"nelsoni","nelsoni",NA
4835,"Kl",472,171,179,64,3011,302,23,279,194,159,204,128,444,112,4,91,268,16,198,35,-102.3264457,22.23,"nelsoni","nelsoni",NA
4835,"Kl",473,163,171,64,2804,290,25,265,183,153,194,123,514,114,8,89,309,28,203,48,-102.1447222,22.225556,"nelsoni","nelsoni",NA
4835,"Kl",474,163,171,64,2804,290,25,265,183,153,194,123,514,114,8,89,309,28,203,48,-102.1447222,22.225556,"nelsoni","nelsoni",NA
4835,"Kl",475,163,171,64,2804,290,25,265,183,153,194,123,514,114,8,89,309,28,203,48,-102.1447222,22.225556,"nelsoni","nelsoni",NA
4835,"Kl",476,163,171,64,2804,290,25,265,183,153,194,123,514,114,8,89,309,28,203,48,-102.1444444,22.225556,"nelsoni","nelsoni",NA
4835,"Kl",477,161,169,65,2726,286,26,260,180,152,191,122,520,113,8,87,309,28,204,49,-102.1172222,22.225556,"nelsoni","nelsoni",NA
4835,"Kl",478,161,169,65,2726,286,26,260,180,152,191,122,520,113,8,87,309,28,204,49,-102.1169444,22.225556,"nelsoni","nelsoni",NA
4835,"Kl",479,172,180,64,3045,305,24,281,196,161,206,129,434,103,5,90,264,20,183,38,-102.2318612,22.2154485,"nelsoni","nelsoni",NA
4749,"I",480,163,163,64,2624,286,35,251,188,156,192,126,421,79,7,76,231,30,188,42,-101.57417,22.1964697,"nelsoni","nelsoni",NA
5028,"Tv",481,177,179,65,2914,308,33,275,200,165,211,136,604,145,6,98,378,24,248,51,-102.88306,22.172734,"nelsoni","nelsoni",NA
5008,"Re",482,180,162,65,2577,301,53,248,202,156,208,143,340,63,7,70,159,25,117,27,-100.9966888901,22.1716888901,"nelsoni","nelsoni",NA
4835,"Kl",483,177,179,63,3128,310,29,281,201,166,211,132,457,97,6,85,265,27,186,40,-102.0755556,22.116667,"nelsoni","nelsoni",NA
4835,"Kl",484,164,162,65,2634,285,36,249,189,157,193,127,412,78,6,73,218,29,118,43,-101.4876472,22.0894455,"nelsoni","nelsoni",NA
4750,"I",485,194,188,64,3195,334,41,293,219,181,231,149,587,147,5,103,377,21,240,44,-102.88306,22.06258,"nelsoni","nelsoni",NA
4835,"Kl",486,179,174,62,3100,312,34,278,210,169,214,136,481,112,3,93,290,17,209,39,-102.2583333,22.025556,"nelsoni","nelsoni",NA
4750,"I",487,189,184,64,3000,326,41,285,212,178,224,147,602,140,6,99,381,24,254,41,-102.6922222,21.95,"nelsoni","nelsoni",NA
5008,"Re",488,166,163,65,2528,288,38,250,188,141,194,130,409,75,8,73,206,32,128,33,-100.97611,21.9328379,"nelsoni","nelsoni",NA
4750,"I",489,189,184,64,3000,326,41,285,212,178,224,147,602,140,6,99,381,24,254,41,-102.7016667,21.917222,"nelsoni","nelsoni",NA
4835,"Kl",490,161,156,63,2666,279,33,246,186,132,191,124,448,81,9,75,228,34,128,39,-101.385692,21.910185,"nelsoni","nelsoni",NA
4835,"Kl",491,161,156,63,2666,279,33,246,186,132,191,124,448,81,9,75,228,34,128,39,-101.383,21.893,"nelsoni","nelsoni",NA
4750,"I",492,187,182,64,2958,323,40,283,209,176,221,145,643,157,5,102,409,20,278,40,-102.7516667,21.884444,"nelsoni","nelsoni",NA
4750,"I",493,197,190,64,3110,338,44,294,220,185,232,153,605,143,4,102,389,18,257,35,-102.7183333,21.881111,"nelsoni","nelsoni",NA
4835,"Kl",494,179,171,63,2911,308,39,269,201,170,211,138,541,122,4,95,333,21,221,42,-102.34759,21.86508,"nelsoni","nelsoni",NA
4750,"I",495,178,173,64,2810,307,38,269,205,169,209,138,604,150,4,100,378,20,271,39,-102.57035,21.85826,"nelsoni","nelsoni",NA
4835,"Kl",496,180,171,63,2919,309,39,270,202,171,213,139,543,121,4,95,335,20,221,43,-102.32307,21.8565,"nelsoni","nelsoni",NA
4835,"Kl",497,179,171,63,2911,308,39,269,201,170,211,138,541,122,4,95,333,21,221,42,-102.3691667,21.846667,"nelsoni","nelsoni",NA
4749,"I",498,173,167,64,2648,297,39,258,197,146,202,136,384,80,7,72,203,31,110,36,-101.138486,21.841087,"nelsoni","nelsoni",NA
4749,"I",499,173,167,64,2648,297,39,258,197,146,202,136,384,80,7,72,203,31,110,36,-101.141618,21.841086,"nelsoni","nelsoni",NA
4749,"I",500,173,167,64,2648,297,39,258,197,146,202,136,384,80,7,72,203,31,110,36,-101.134,21.841,"nelsoni","nelsoni",NA
4749,"I",501,173,167,64,2648,297,39,258,197,146,202,136,384,80,7,72,203,31,110,36,-101.13,21.841,"nelsoni","nelsoni",NA
4750,"I",502,206,193,64,3209,351,50,301,230,194,243,161,586,155,4,109,388,14,268,30,-102.94628,21.82378,"nelsoni","nelsoni",NA
4750,"I",503,187,176,62,3041,323,42,281,218,176,222,145,729,171,7,103,467,23,332,43,-103.2764786,21.78889,"nelsoni","nelsoni",NA
4750,"I",504,202,193,64,3157,346,46,300,233,190,238,158,631,167,3,111,423,12,289,30,-102.8,21.773889,"nelsoni","nelsoni",NA
4750,"I",505,202,193,64,3157,346,46,300,233,190,238,158,631,167,3,111,423,12,289,30,-102.81556,21.75056,"nelsoni","nelsoni",NA
4832,"Kl",506,182,178,64,2767,313,39,274,209,173,213,143,619,152,4,102,393,18,278,35,-102.5786006,21.6838994,"nelsoni","nelsoni",NA
4832,"Kl",507,172,167,64,2723,296,36,260,192,162,202,133,593,138,7,98,369,24,254,36,-102.23694,21.655133255,"nelsoni","nelsoni",NA
4832,"Kl",508,158,160,62,2595,283,28,255,175,149,188,122,648,170,4,102,420,16,282,48,-103.167839,21.561903,"nelsoni","nelsoni",NA
4832,"Kl",509,180,173,64,2833,308,39,269,202,170,212,140,612,145,7,99,384,23,268,33,-102.1641826,21.52417,"nelsoni","nelsoni",NA
4832,"Kl",510,183,193,65,3074,324,28,296,216,170,218,141,620,142,6,102,393,23,269,31,-102.43,21.52,"nelsoni","nelsoni",NA
4832,"Kl",511,183,166,63,2776,310,47,263,209,175,214,143,623,142,6,99,383,22,279,33,-101.9602176,21.3669672,"nelsoni","nelsoni",NA
4832,"Kl",512,183,166,63,2776,310,47,263,209,175,214,143,623,142,6,99,383,22,279,33,-101.9602176,21.3669672,"nelsoni","nelsoni",NA
